[
{
   "model": "contenttypes.contenttype",
   "pk": 1,
   "fields": {
      "app_label": "admin",
      "model": "logentry"
   }
},
{
   "model": "contenttypes.contenttype",
   "pk": 2,
   "fields": {
      "app_label": "auth",
      "model": "permission"
   }
},
{
   "model": "contenttypes.contenttype",
   "pk": 3,
   "fields": {
      "app_label": "auth",
      "model": "group"
   }
},
{
   "model": "contenttypes.contenttype",
   "pk": 4,
   "fields": {
      "app_label": "auth",
      "model": "user"
   }
},
{
   "model": "contenttypes.contenttype",
   "pk": 5,
   "fields": {
      "app_label": "contenttypes",
      "model": "contenttype"
   }
},
{
   "model": "contenttypes.contenttype",
   "pk": 6,
   "fields": {
      "app_label": "sessions",
      "model": "session"
   }
},
{
   "model": "contenttypes.contenttype",
   "pk": 7,
   "fields": {
      "app_label": "landing",
      "model": "subscriber"
   }
},
{
   "model": "contenttypes.contenttype",
   "pk": 8,
   "fields": {
      "app_label": "products",
      "model": "productimage"
   }
},
{
   "model": "contenttypes.contenttype",
   "pk": 9,
   "fields": {
      "app_label": "products",
      "model": "product"
   }
},
{
   "model": "contenttypes.contenttype",
   "pk": 10,
   "fields": {
      "app_label": "orders",
      "model": "productorder"
   }
},
{
   "model": "contenttypes.contenttype",
   "pk": 11,
   "fields": {
      "app_label": "orders",
      "model": "status"
   }
},
{
   "model": "contenttypes.contenttype",
   "pk": 12,
   "fields": {
      "app_label": "orders",
      "model": "order"
   }
},
{
   "model": "contenttypes.contenttype",
   "pk": 13,
   "fields": {
      "app_label": "products",
      "model": "productcategory"
   }
},
{
   "model": "contenttypes.contenttype",
   "pk": 14,
   "fields": {
      "app_label": "orders",
      "model": "productbasket"
   }
},
{
   "model": "sessions.session",
   "pk": "0n8l1a3n2jo5dlj066d7qkkrdg8es8nl",
   "fields": {
      "session_data": "MzgxMWQzMGY5ZTJkN2RhNTFjMjhiMzA2YTFjMjU3OTBiNjk0ZGQwYjp7fQ==",
      "expire_date": "2018-10-05T13:30:42.288Z"
   }
},
{
   "model": "sessions.session",
   "pk": "1h26whg8eyskwrl3zc93sxkidwh3rpgh",
   "fields": {
      "session_data": "MzgxMWQzMGY5ZTJkN2RhNTFjMjhiMzA2YTFjMjU3OTBiNjk0ZGQwYjp7fQ==",
      "expire_date": "2018-10-05T19:37:50.504Z"
   }
},
{
   "model": "sessions.session",
   "pk": "1t2g01rrcbqkk6jj6875g8g52f2wzsx0",
   "fields": {
      "session_data": "ODVkZDZmZmIzOTM2MWUxNjIwODkxNDFlZGNjZWFkYTIxY2I2ODIzZDp7Il9hdXRoX3VzZXJfaWQiOiIxIiwiX2F1dGhfdXNlcl9iYWNrZW5kIjoiZGphbmdvLmNvbnRyaWIuYXV0aC5iYWNrZW5kcy5Nb2RlbEJhY2tlbmQiLCJfYXV0aF91c2VyX2hhc2giOiJkMWFlYmExOGFiMzgyMjM3MmFhNjczM2IxM2M0OTY2ZTMwODJhOTk5In0=",
      "expire_date": "2018-10-05T20:31:53.337Z"
   }
},
{
   "model": "sessions.session",
   "pk": "2azapabnxujkavqwni7puyn3v0qa5t58",
   "fields": {
      "session_data": "ODVkZDZmZmIzOTM2MWUxNjIwODkxNDFlZGNjZWFkYTIxY2I2ODIzZDp7Il9hdXRoX3VzZXJfaWQiOiIxIiwiX2F1dGhfdXNlcl9iYWNrZW5kIjoiZGphbmdvLmNvbnRyaWIuYXV0aC5iYWNrZW5kcy5Nb2RlbEJhY2tlbmQiLCJfYXV0aF91c2VyX2hhc2giOiJkMWFlYmExOGFiMzgyMjM3MmFhNjczM2IxM2M0OTY2ZTMwODJhOTk5In0=",
      "expire_date": "2018-10-05T12:26:09.281Z"
   }
},
{
   "model": "sessions.session",
   "pk": "3wlo7f1k037ngt3h2i1ker7c9w744dn9",
   "fields": {
      "session_data": "ODVkZDZmZmIzOTM2MWUxNjIwODkxNDFlZGNjZWFkYTIxY2I2ODIzZDp7Il9hdXRoX3VzZXJfaWQiOiIxIiwiX2F1dGhfdXNlcl9iYWNrZW5kIjoiZGphbmdvLmNvbnRyaWIuYXV0aC5iYWNrZW5kcy5Nb2RlbEJhY2tlbmQiLCJfYXV0aF91c2VyX2hhc2giOiJkMWFlYmExOGFiMzgyMjM3MmFhNjczM2IxM2M0OTY2ZTMwODJhOTk5In0=",
      "expire_date": "2018-10-05T20:21:50.769Z"
   }
},
{
   "model": "sessions.session",
   "pk": "5pd5hcpvwixmbj2uwxeq5ku7cz7bvaq3",
   "fields": {
      "session_data": "MzgxMWQzMGY5ZTJkN2RhNTFjMjhiMzA2YTFjMjU3OTBiNjk0ZGQwYjp7fQ==",
      "expire_date": "2018-10-05T13:55:57.001Z"
   }
},
{
   "model": "sessions.session",
   "pk": "738uai9uxmfw0a2bsefrsti1xf23bhgl",
   "fields": {
      "session_data": "ODVkZDZmZmIzOTM2MWUxNjIwODkxNDFlZGNjZWFkYTIxY2I2ODIzZDp7Il9hdXRoX3VzZXJfaWQiOiIxIiwiX2F1dGhfdXNlcl9iYWNrZW5kIjoiZGphbmdvLmNvbnRyaWIuYXV0aC5iYWNrZW5kcy5Nb2RlbEJhY2tlbmQiLCJfYXV0aF91c2VyX2hhc2giOiJkMWFlYmExOGFiMzgyMjM3MmFhNjczM2IxM2M0OTY2ZTMwODJhOTk5In0=",
      "expire_date": "2018-09-20T15:45:02.120Z"
   }
},
{
   "model": "sessions.session",
   "pk": "7kzu1k1dtfs0x8o816im33r07nqeaf5s",
   "fields": {
      "session_data": "MzgxMWQzMGY5ZTJkN2RhNTFjMjhiMzA2YTFjMjU3OTBiNjk0ZGQwYjp7fQ==",
      "expire_date": "2018-10-05T19:37:50.560Z"
   }
},
{
   "model": "sessions.session",
   "pk": "bq771vmbfy0lx4fb7lpeamkkimapiywz",
   "fields": {
      "session_data": "MzgxMWQzMGY5ZTJkN2RhNTFjMjhiMzA2YTFjMjU3OTBiNjk0ZGQwYjp7fQ==",
      "expire_date": "2018-10-06T15:54:08.615Z"
   }
},
{
   "model": "sessions.session",
   "pk": "dfwjdijukyeiyoamu4lh4dk4s36mby2h",
   "fields": {
      "session_data": "MzgxMWQzMGY5ZTJkN2RhNTFjMjhiMzA2YTFjMjU3OTBiNjk0ZGQwYjp7fQ==",
      "expire_date": "2018-10-05T13:39:28.562Z"
   }
},
{
   "model": "sessions.session",
   "pk": "gxgsuglvygo5op4j83y0244zcep5t9kp",
   "fields": {
      "session_data": "MzgxMWQzMGY5ZTJkN2RhNTFjMjhiMzA2YTFjMjU3OTBiNjk0ZGQwYjp7fQ==",
      "expire_date": "2018-10-05T14:00:59.507Z"
   }
},
{
   "model": "sessions.session",
   "pk": "iegfq02zw96jplkxkqbmsncpvlo927rb",
   "fields": {
      "session_data": "MzgxMWQzMGY5ZTJkN2RhNTFjMjhiMzA2YTFjMjU3OTBiNjk0ZGQwYjp7fQ==",
      "expire_date": "2018-10-05T13:56:47.609Z"
   }
},
{
   "model": "sessions.session",
   "pk": "j18vnjxozutm2752n9olil17t7i81848",
   "fields": {
      "session_data": "MzgxMWQzMGY5ZTJkN2RhNTFjMjhiMzA2YTFjMjU3OTBiNjk0ZGQwYjp7fQ==",
      "expire_date": "2018-10-05T20:07:32.552Z"
   }
},
{
   "model": "sessions.session",
   "pk": "j61x2na2pf3y1xnnsqnud5vb98tudo1b",
   "fields": {
      "session_data": "MzgxMWQzMGY5ZTJkN2RhNTFjMjhiMzA2YTFjMjU3OTBiNjk0ZGQwYjp7fQ==",
      "expire_date": "2018-10-06T15:54:08.679Z"
   }
},
{
   "model": "sessions.session",
   "pk": "jxzvv2ts28355nddhhcx3uhufoylc65z",
   "fields": {
      "session_data": "MzgxMWQzMGY5ZTJkN2RhNTFjMjhiMzA2YTFjMjU3OTBiNjk0ZGQwYjp7fQ==",
      "expire_date": "2018-10-06T15:54:08.562Z"
   }
},
{
   "model": "sessions.session",
   "pk": "ka2sxb4n5dchoon1qij8xtsmmn7vitk2",
   "fields": {
      "session_data": "MzgxMWQzMGY5ZTJkN2RhNTFjMjhiMzA2YTFjMjU3OTBiNjk0ZGQwYjp7fQ==",
      "expire_date": "2018-10-05T19:38:14.818Z"
   }
},
{
   "model": "sessions.session",
   "pk": "kp9uqkxbpiq6s6ek0vepjl6y1wqs8h1f",
   "fields": {
      "session_data": "MzgxMWQzMGY5ZTJkN2RhNTFjMjhiMzA2YTFjMjU3OTBiNjk0ZGQwYjp7fQ==",
      "expire_date": "2018-10-05T19:14:58.998Z"
   }
},
{
   "model": "sessions.session",
   "pk": "l76t1bj8xnacxcj1uguktutvdj79k7h9",
   "fields": {
      "session_data": "ODVkZDZmZmIzOTM2MWUxNjIwODkxNDFlZGNjZWFkYTIxY2I2ODIzZDp7Il9hdXRoX3VzZXJfaWQiOiIxIiwiX2F1dGhfdXNlcl9iYWNrZW5kIjoiZGphbmdvLmNvbnRyaWIuYXV0aC5iYWNrZW5kcy5Nb2RlbEJhY2tlbmQiLCJfYXV0aF91c2VyX2hhc2giOiJkMWFlYmExOGFiMzgyMjM3MmFhNjczM2IxM2M0OTY2ZTMwODJhOTk5In0=",
      "expire_date": "2018-10-05T17:37:49.624Z"
   }
},
{
   "model": "sessions.session",
   "pk": "ptltus9en4zr1h4xkr4g3s49i7merfbg",
   "fields": {
      "session_data": "MzgxMWQzMGY5ZTJkN2RhNTFjMjhiMzA2YTFjMjU3OTBiNjk0ZGQwYjp7fQ==",
      "expire_date": "2018-10-05T19:14:59.740Z"
   }
},
{
   "model": "sessions.session",
   "pk": "rly0wjemjvo2cmsy51m0w653grr5oxko",
   "fields": {
      "session_data": "MzgxMWQzMGY5ZTJkN2RhNTFjMjhiMzA2YTFjMjU3OTBiNjk0ZGQwYjp7fQ==",
      "expire_date": "2018-10-05T19:15:02.694Z"
   }
},
{
   "model": "sessions.session",
   "pk": "s708i8eux24x2mwv5vg85plifrdvmtka",
   "fields": {
      "session_data": "MzgxMWQzMGY5ZTJkN2RhNTFjMjhiMzA2YTFjMjU3OTBiNjk0ZGQwYjp7fQ==",
      "expire_date": "2018-10-05T13:32:14.273Z"
   }
},
{
   "model": "sessions.session",
   "pk": "svt7b71t4nf6y4g71qda4j1lfwn6n95k",
   "fields": {
      "session_data": "MzgxMWQzMGY5ZTJkN2RhNTFjMjhiMzA2YTFjMjU3OTBiNjk0ZGQwYjp7fQ==",
      "expire_date": "2018-10-05T13:46:53.106Z"
   }
},
{
   "model": "sessions.session",
   "pk": "vlh3ksi7weuhcteg2khgqsqww2ng6ryn",
   "fields": {
      "session_data": "MzgxMWQzMGY5ZTJkN2RhNTFjMjhiMzA2YTFjMjU3OTBiNjk0ZGQwYjp7fQ==",
      "expire_date": "2018-10-05T20:07:54.603Z"
   }
},
{
   "model": "sessions.session",
   "pk": "w091f2o7haznbgg160k78dvw2ivnzcaq",
   "fields": {
      "session_data": "ODVkZDZmZmIzOTM2MWUxNjIwODkxNDFlZGNjZWFkYTIxY2I2ODIzZDp7Il9hdXRoX3VzZXJfaWQiOiIxIiwiX2F1dGhfdXNlcl9iYWNrZW5kIjoiZGphbmdvLmNvbnRyaWIuYXV0aC5iYWNrZW5kcy5Nb2RlbEJhY2tlbmQiLCJfYXV0aF91c2VyX2hhc2giOiJkMWFlYmExOGFiMzgyMjM3MmFhNjczM2IxM2M0OTY2ZTMwODJhOTk5In0=",
      "expire_date": "2018-10-05T19:14:23.473Z"
   }
},
{
   "model": "sessions.session",
   "pk": "w58x9jf3t4d8bgcsobwf55q9mhx6k5is",
   "fields": {
      "session_data": "MzgxMWQzMGY5ZTJkN2RhNTFjMjhiMzA2YTFjMjU3OTBiNjk0ZGQwYjp7fQ==",
      "expire_date": "2018-10-05T20:07:50.817Z"
   }
},
{
   "model": "sessions.session",
   "pk": "wvq6dqm2ecpqzqu56ck3fame3x6ddew4",
   "fields": {
      "session_data": "MzgxMWQzMGY5ZTJkN2RhNTFjMjhiMzA2YTFjMjU3OTBiNjk0ZGQwYjp7fQ==",
      "expire_date": "2018-10-05T16:31:24.099Z"
   }
},
{
   "model": "sessions.session",
   "pk": "z9ng4hg1p78c0kshk0j1tt6yfq08j12k",
   "fields": {
      "session_data": "MzgxMWQzMGY5ZTJkN2RhNTFjMjhiMzA2YTFjMjU3OTBiNjk0ZGQwYjp7fQ==",
      "expire_date": "2018-10-05T20:18:35.528Z"
   }
},
{
   "model": "sessions.session",
   "pk": "zq1mebxaacjj9er9w6s5vfru7clbla4g",
   "fields": {
      "session_data": "ODVkZDZmZmIzOTM2MWUxNjIwODkxNDFlZGNjZWFkYTIxY2I2ODIzZDp7Il9hdXRoX3VzZXJfaWQiOiIxIiwiX2F1dGhfdXNlcl9iYWNrZW5kIjoiZGphbmdvLmNvbnRyaWIuYXV0aC5iYWNrZW5kcy5Nb2RlbEJhY2tlbmQiLCJfYXV0aF91c2VyX2hhc2giOiJkMWFlYmExOGFiMzgyMjM3MmFhNjczM2IxM2M0OTY2ZTMwODJhOTk5In0=",
      "expire_date": "2018-10-05T17:38:20.211Z"
   }
},
{
   "model": "landing.subscriber",
   "pk": 1,
   "fields": {
      "name_user": "asdasd",
      "email_user": "sadsadsad@gmail.com"
   }
},
{
   "model": "landing.subscriber",
   "pk": 2,
   "fields": {
      "name_user": "asdasd",
      "email_user": "sadsadsad@gmail.com"
   }
},
{
   "model": "landing.subscriber",
   "pk": 3,
   "fields": {
      "name_user": "sadasdassda",
      "email_user": "sadsaasdadadsdsad@gmail.com"
   }
},
{
   "model": "landing.subscriber",
   "pk": 4,
   "fields": {
      "name_user": "vanyaLOHKLEINER",
      "email_user": "kjkljk@gmail.com"
   }
},
{
   "model": "landing.subscriber",
   "pk": 5,
   "fields": {
      "name_user": "ivan",
      "email_user": "iban@gmail.com"
   }
},
{
   "model": "landing.subscriber",
   "pk": 6,
   "fields": {
      "name_user": "ivan",
      "email_user": "iban@gmail.com"
   }
},
{
   "model": "products.productcategory",
   "pk": 1,
   "fields": {
      "name": "Mercedes",
      "is_active": true
   }
},
{
   "model": "products.productcategory",
   "pk": 2,
   "fields": {
      "name": "\u0410\u043a\u0441\u0435\u0441\u0441\u0443\u0430\u0440\u044b",
      "is_active": true
   }
},
{
   "model": "products.product",
   "pk": 2,
   "fields": {
      "price": "100.00",
      "name": "tovar 2",
      "is_active": "True",
      "short_description": null,
      "description": "Goog one",
      "created": "2018-09-08T14:32:04.809Z",
      "updated": "2018-09-08T16:39:08.037Z",
      "dicsount": 0,
      "category": null
   }
},
{
   "model": "products.product",
   "pk": 3,
   "fields": {
      "price": "34.90",
      "name": "Schl\u00fcsselanh\u00e4nger Typo S-Klasse",
      "is_active": "True",
      "short_description": "",
      "description": "Produktinformationen \"Schl\u00fcsselanh\u00e4nger Typo S-Klasse\" \r\nPerfekt organisiert: Mit dem Schl\u00fcsselanh\u00e4nger Typo S-Klasse sind die wichtigsten Schl\u00fcssel zu jeder Zeit griffbereit. Der Schl\u00fcsselanh\u00e4nger aus Edelstahl pr\u00e4sentiert sich in silber-schwarzer Farbgebung. Die originale Heckdeckeltypographie auf der Vorderseite sowie der 3-D-Stern auf der R\u00fcckseite des Anh\u00e4ngers setzen zus\u00e4tzliche Akzente. Der Schl\u00fcsselanh\u00e4nger verf\u00fcgt \u00fcber einen Flachspaltring mit drei zus\u00e4tzlichen Minispaltringen, die ein schnelles Wechseln und Entnehmen einzelner Schl\u00fcssel erm\u00f6glichen.",
      "created": "2018-09-09T10:20:53.671Z",
      "updated": "2018-09-18T21:19:43.140Z",
      "dicsount": 8,
      "category": 1
   }
},
{
   "model": "products.product",
   "pk": 4,
   "fields": {
      "price": "12.90",
      "name": "Kugelschreiber Sound",
      "is_active": "True",
      "short_description": "",
      "description": "Der etwas andere Kugelschreiber \u2013 elegante Softgrip Veredelung mit \"AMG\" bzw. \"Mercedes-Benz Classic\" Logo - spielt auf Knopfdruck den\r\nOriginal V8 Motor Sound (schwarz)\r\n300 SEL Motor Sound (rot)\r\nBenz Patent-Motorwagen Sound (gr\u00fcn)",
      "created": "2018-09-09T10:22:16.621Z",
      "updated": "2018-09-12T17:57:57.374Z",
      "dicsount": 10,
      "category": 1
   }
},
{
   "model": "products.product",
   "pk": 5,
   "fields": {
      "price": "20.20",
      "name": "TEST",
      "is_active": "True",
      "short_description": "TEST",
      "description": "",
      "created": "2018-09-21T14:17:43.944Z",
      "updated": "2018-09-21T14:21:39.554Z",
      "dicsount": 0,
      "category": 1
   }
},
{
   "model": "products.productimage",
   "pk": 15,
   "fields": {
      "product": 3,
      "image": "static/media/products_images/good1.jpg",
      "is_main": false,
      "is_active": true,
      "created": "2018-09-10T16:46:24.699Z",
      "updated": "2018-09-10T16:51:24.889Z"
   }
},
{
   "model": "products.productimage",
   "pk": 16,
   "fields": {
      "product": 4,
      "image": "static/media/products_images/B66056035_SKS_AMG_20x305732f28d5cced.jpg",
      "is_main": false,
      "is_active": true,
      "created": "2018-09-10T16:51:11.295Z",
      "updated": "2018-09-10T16:51:11.297Z"
   }
},
{
   "model": "products.productimage",
   "pk": 18,
   "fields": {
      "product": 5,
      "image": "static/media/products_images/\u043f\u0440\u043e\u0434\u0430\u0436\u0430_1.jpg",
      "is_main": false,
      "is_active": true,
      "created": "2018-09-21T14:17:43.967Z",
      "updated": "2018-09-21T14:17:43.967Z"
   }
},
{
   "model": "orders.status",
   "pk": 1,
   "fields": {
      "is_active": true,
      "name": "\u041e\u0436\u0438\u0434\u0430\u043d\u0438\u0435",
      "created": "2018-09-08T14:36:42.775Z",
      "updated": "2018-09-08T14:36:42.775Z"
   }
},
{
   "model": "orders.productorder",
   "pk": 8,
   "fields": {
      "product": 2,
      "order": 8,
      "nmb": 4,
      "price_per_item": "100.00",
      "total_price": "400.00",
      "is_active": true,
      "created": "2018-09-08T17:14:48.271Z",
      "updated": "2018-09-08T17:14:48.271Z"
   }
},
{
   "model": "orders.productorder",
   "pk": 9,
   "fields": {
      "product": 2,
      "order": 9,
      "nmb": 3,
      "price_per_item": "100.00",
      "total_price": "300.00",
      "is_active": true,
      "created": "2018-09-08T17:22:48.160Z",
      "updated": "2018-09-08T17:22:48.160Z"
   }
},
{
   "model": "orders.productorder",
   "pk": 10,
   "fields": {
      "product": 2,
      "order": 10,
      "nmb": 12,
      "price_per_item": "100.00",
      "total_price": "1200.00",
      "is_active": true,
      "created": "2018-09-08T17:24:05.772Z",
      "updated": "2018-09-08T17:24:05.772Z"
   }
},
{
   "model": "orders.productorder",
   "pk": 11,
   "fields": {
      "product": 2,
      "order": 10,
      "nmb": 3,
      "price_per_item": "100.00",
      "total_price": "300.00",
      "is_active": true,
      "created": "2018-09-08T17:25:58.317Z",
      "updated": "2018-09-08T17:25:58.317Z"
   }
},
{
   "model": "orders.productorder",
   "pk": 12,
   "fields": {
      "product": 2,
      "order": 11,
      "nmb": 3,
      "price_per_item": "100.00",
      "total_price": "300.00",
      "is_active": true,
      "created": "2018-09-08T17:28:17.682Z",
      "updated": "2018-09-08T17:28:29.064Z"
   }
},
{
   "model": "orders.productorder",
   "pk": 13,
   "fields": {
      "product": 2,
      "order": 12,
      "nmb": 23,
      "price_per_item": "100.00",
      "total_price": "2300.00",
      "is_active": true,
      "created": "2018-09-08T17:28:39.661Z",
      "updated": "2018-09-08T17:28:39.661Z"
   }
},
{
   "model": "orders.productorder",
   "pk": 14,
   "fields": {
      "product": 3,
      "order": 13,
      "nmb": 15,
      "price_per_item": "34.90",
      "total_price": "523.50",
      "is_active": true,
      "created": "2018-09-22T19:34:02.404Z",
      "updated": "2018-09-22T19:34:02.404Z"
   }
},
{
   "model": "orders.productbasket",
   "pk": 3,
   "fields": {
      "session_key": null,
      "order": null,
      "product": 3,
      "nmb": 3,
      "price_per_item": "34.90",
      "total_price": "104.70",
      "is_active": true,
      "created": "2018-09-21T20:18:24.378Z",
      "updated": "2018-09-21T20:18:24.378Z"
   }
},
{
   "model": "orders.productbasket",
   "pk": 4,
   "fields": {
      "session_key": "1t2g01rrcbqkk6jj6875g8g52f2wzsx0",
      "order": null,
      "product": 4,
      "nmb": 8,
      "price_per_item": "12.90",
      "total_price": "103.20",
      "is_active": true,
      "created": "2018-09-21T21:05:26.660Z",
      "updated": "2018-09-21T21:05:28.301Z"
   }
},
{
   "model": "orders.productbasket",
   "pk": 5,
   "fields": {
      "session_key": "1t2g01rrcbqkk6jj6875g8g52f2wzsx0",
      "order": null,
      "product": 5,
      "nmb": 2,
      "price_per_item": "20.20",
      "total_price": "40.40",
      "is_active": true,
      "created": "2018-09-21T21:05:35.153Z",
      "updated": "2018-09-21T21:05:35.153Z"
   }
},
{
   "model": "orders.productbasket",
   "pk": 6,
   "fields": {
      "session_key": "3wlo7f1k037ngt3h2i1ker7c9w744dn9",
      "order": null,
      "product": 4,
      "nmb": 2,
      "price_per_item": "12.90",
      "total_price": "25.80",
      "is_active": false,
      "created": "2018-09-22T08:01:04.077Z",
      "updated": "2018-09-22T08:01:04.077Z"
   }
},
{
   "model": "orders.productbasket",
   "pk": 7,
   "fields": {
      "session_key": "3wlo7f1k037ngt3h2i1ker7c9w744dn9",
      "order": null,
      "product": 3,
      "nmb": 5,
      "price_per_item": "34.90",
      "total_price": "174.50",
      "is_active": false,
      "created": "2018-09-22T08:01:16.213Z",
      "updated": "2018-09-22T08:01:16.213Z"
   }
},
{
   "model": "orders.productbasket",
   "pk": 8,
   "fields": {
      "session_key": "3wlo7f1k037ngt3h2i1ker7c9w744dn9",
      "order": 13,
      "product": 3,
      "nmb": 15,
      "price_per_item": "34.90",
      "total_price": "523.50",
      "is_active": true,
      "created": "2018-09-22T08:01:24.824Z",
      "updated": "2018-09-22T19:34:02.396Z"
   }
},
{
   "model": "orders.productbasket",
   "pk": 9,
   "fields": {
      "session_key": "zq1mebxaacjj9er9w6s5vfru7clbla4g",
      "order": null,
      "product": 4,
      "nmb": 2,
      "price_per_item": "12.90",
      "total_price": "25.80",
      "is_active": false,
      "created": "2018-09-22T15:41:39.229Z",
      "updated": "2018-09-22T15:41:39.229Z"
   }
},
{
   "model": "orders.productbasket",
   "pk": 10,
   "fields": {
      "session_key": "zq1mebxaacjj9er9w6s5vfru7clbla4g",
      "order": null,
      "product": 5,
      "nmb": 3,
      "price_per_item": "20.20",
      "total_price": "60.60",
      "is_active": false,
      "created": "2018-09-22T15:41:47.154Z",
      "updated": "2018-09-22T15:51:05.708Z"
   }
},
{
   "model": "orders.productbasket",
   "pk": 11,
   "fields": {
      "session_key": "zq1mebxaacjj9er9w6s5vfru7clbla4g",
      "order": null,
      "product": 3,
      "nmb": 1,
      "price_per_item": "34.90",
      "total_price": "34.90",
      "is_active": false,
      "created": "2018-09-22T18:04:33.463Z",
      "updated": "2018-09-22T18:04:33.463Z"
   }
},
{
   "model": "orders.productbasket",
   "pk": 12,
   "fields": {
      "session_key": "zq1mebxaacjj9er9w6s5vfru7clbla4g",
      "order": null,
      "product": 3,
      "nmb": 3,
      "price_per_item": "34.90",
      "total_price": "104.70",
      "is_active": true,
      "created": "2018-09-22T18:04:42.775Z",
      "updated": "2018-09-22T18:04:42.775Z"
   }
},
{
   "model": "orders.productbasket",
   "pk": 13,
   "fields": {
      "session_key": "3wlo7f1k037ngt3h2i1ker7c9w744dn9",
      "order": null,
      "product": 5,
      "nmb": 1,
      "price_per_item": "20.20",
      "total_price": "20.20",
      "is_active": false,
      "created": "2018-09-22T19:22:17.645Z",
      "updated": "2018-09-22T19:22:17.645Z"
   }
},
{
   "model": "auth.permission",
   "pk": 1,
   "fields": {
      "name": "Can add log entry",
      "content_type": 1,
      "codename": "add_logentry"
   }
},
{
   "model": "auth.permission",
   "pk": 2,
   "fields": {
      "name": "Can change log entry",
      "content_type": 1,
      "codename": "change_logentry"
   }
},
{
   "model": "auth.permission",
   "pk": 3,
   "fields": {
      "name": "Can delete log entry",
      "content_type": 1,
      "codename": "delete_logentry"
   }
},
{
   "model": "auth.permission",
   "pk": 4,
   "fields": {
      "name": "Can view log entry",
      "content_type": 1,
      "codename": "view_logentry"
   }
},
{
   "model": "auth.permission",
   "pk": 5,
   "fields": {
      "name": "Can add permission",
      "content_type": 2,
      "codename": "add_permission"
   }
},
{
   "model": "auth.permission",
   "pk": 6,
   "fields": {
      "name": "Can change permission",
      "content_type": 2,
      "codename": "change_permission"
   }
},
{
   "model": "auth.permission",
   "pk": 7,
   "fields": {
      "name": "Can delete permission",
      "content_type": 2,
      "codename": "delete_permission"
   }
},
{
   "model": "auth.permission",
   "pk": 8,
   "fields": {
      "name": "Can view permission",
      "content_type": 2,
      "codename": "view_permission"
   }
},
{
   "model": "auth.permission",
   "pk": 9,
   "fields": {
      "name": "Can add group",
      "content_type": 3,
      "codename": "add_group"
   }
},
{
   "model": "auth.permission",
   "pk": 10,
   "fields": {
      "name": "Can change group",
      "content_type": 3,
      "codename": "change_group"
   }
},
{
   "model": "auth.permission",
   "pk": 11,
   "fields": {
      "name": "Can delete group",
      "content_type": 3,
      "codename": "delete_group"
   }
},
{
   "model": "auth.permission",
   "pk": 12,
   "fields": {
      "name": "Can view group",
      "content_type": 3,
      "codename": "view_group"
   }
},
{
   "model": "auth.permission",
   "pk": 13,
   "fields": {
      "name": "Can add user",
      "content_type": 4,
      "codename": "add_user"
   }
},
{
   "model": "auth.permission",
   "pk": 14,
   "fields": {
      "name": "Can change user",
      "content_type": 4,
      "codename": "change_user"
   }
},
{
   "model": "auth.permission",
   "pk": 15,
   "fields": {
      "name": "Can delete user",
      "content_type": 4,
      "codename": "delete_user"
   }
},
{
   "model": "auth.permission",
   "pk": 16,
   "fields": {
      "name": "Can view user",
      "content_type": 4,
      "codename": "view_user"
   }
},
{
   "model": "auth.permission",
   "pk": 17,
   "fields": {
      "name": "Can add content type",
      "content_type": 5,
      "codename": "add_contenttype"
   }
},
{
   "model": "auth.permission",
   "pk": 18,
   "fields": {
      "name": "Can change content type",
      "content_type": 5,
      "codename": "change_contenttype"
   }
},
{
   "model": "auth.permission",
   "pk": 19,
   "fields": {
      "name": "Can delete content type",
      "content_type": 5,
      "codename": "delete_contenttype"
   }
},
{
   "model": "auth.permission",
   "pk": 20,
   "fields": {
      "name": "Can view content type",
      "content_type": 5,
      "codename": "view_contenttype"
   }
},
{
   "model": "auth.permission",
   "pk": 21,
   "fields": {
      "name": "Can add session",
      "content_type": 6,
      "codename": "add_session"
   }
},
{
   "model": "auth.permission",
   "pk": 22,
   "fields": {
      "name": "Can change session",
      "content_type": 6,
      "codename": "change_session"
   }
},
{
   "model": "auth.permission",
   "pk": 23,
   "fields": {
      "name": "Can delete session",
      "content_type": 6,
      "codename": "delete_session"
   }
},
{
   "model": "auth.permission",
   "pk": 24,
   "fields": {
      "name": "Can view session",
      "content_type": 6,
      "codename": "view_session"
   }
},
{
   "model": "auth.permission",
   "pk": 25,
   "fields": {
      "name": "Can add subscriber",
      "content_type": 7,
      "codename": "add_subscriber"
   }
},
{
   "model": "auth.permission",
   "pk": 26,
   "fields": {
      "name": "Can change subscriber",
      "content_type": 7,
      "codename": "change_subscriber"
   }
},
{
   "model": "auth.permission",
   "pk": 27,
   "fields": {
      "name": "Can delete subscriber",
      "content_type": 7,
      "codename": "delete_subscriber"
   }
},
{
   "model": "auth.permission",
   "pk": 28,
   "fields": {
      "name": "Can view subscriber",
      "content_type": 7,
      "codename": "view_subscriber"
   }
},
{
   "model": "auth.permission",
   "pk": 29,
   "fields": {
      "name": "Can add \u0424\u043e\u0442\u043e\u0433\u0440\u0430\u0444\u0438\u044f",
      "content_type": 8,
      "codename": "add_productimage"
   }
},
{
   "model": "auth.permission",
   "pk": 30,
   "fields": {
      "name": "Can change \u0424\u043e\u0442\u043e\u0433\u0440\u0430\u0444\u0438\u044f",
      "content_type": 8,
      "codename": "change_productimage"
   }
},
{
   "model": "auth.permission",
   "pk": 31,
   "fields": {
      "name": "Can delete \u0424\u043e\u0442\u043e\u0433\u0440\u0430\u0444\u0438\u044f",
      "content_type": 8,
      "codename": "delete_productimage"
   }
},
{
   "model": "auth.permission",
   "pk": 32,
   "fields": {
      "name": "Can view \u0424\u043e\u0442\u043e\u0433\u0440\u0430\u0444\u0438\u044f",
      "content_type": 8,
      "codename": "view_productimage"
   }
},
{
   "model": "auth.permission",
   "pk": 33,
   "fields": {
      "name": "Can add \u0422\u043e\u0432\u0430\u0440",
      "content_type": 9,
      "codename": "add_product"
   }
},
{
   "model": "auth.permission",
   "pk": 34,
   "fields": {
      "name": "Can change \u0422\u043e\u0432\u0430\u0440",
      "content_type": 9,
      "codename": "change_product"
   }
},
{
   "model": "auth.permission",
   "pk": 35,
   "fields": {
      "name": "Can delete \u0422\u043e\u0432\u0430\u0440",
      "content_type": 9,
      "codename": "delete_product"
   }
},
{
   "model": "auth.permission",
   "pk": 36,
   "fields": {
      "name": "Can view \u0422\u043e\u0432\u0430\u0440",
      "content_type": 9,
      "codename": "view_product"
   }
},
{
   "model": "auth.permission",
   "pk": 37,
   "fields": {
      "name": "Can add \u0422\u043e\u0432\u0430\u0440",
      "content_type": 10,
      "codename": "add_productorder"
   }
},
{
   "model": "auth.permission",
   "pk": 38,
   "fields": {
      "name": "Can change \u0422\u043e\u0432\u0430\u0440",
      "content_type": 10,
      "codename": "change_productorder"
   }
},
{
   "model": "auth.permission",
   "pk": 39,
   "fields": {
      "name": "Can delete \u0422\u043e\u0432\u0430\u0440",
      "content_type": 10,
      "codename": "delete_productorder"
   }
},
{
   "model": "auth.permission",
   "pk": 40,
   "fields": {
      "name": "Can view \u0422\u043e\u0432\u0430\u0440",
      "content_type": 10,
      "codename": "view_productorder"
   }
},
{
   "model": "auth.permission",
   "pk": 41,
   "fields": {
      "name": "Can add \u0421\u0442\u0430\u0442\u0443\u0441 \u0437\u0430\u043a\u0430\u0437\u0430",
      "content_type": 11,
      "codename": "add_status"
   }
},
{
   "model": "auth.permission",
   "pk": 42,
   "fields": {
      "name": "Can change \u0421\u0442\u0430\u0442\u0443\u0441 \u0437\u0430\u043a\u0430\u0437\u0430",
      "content_type": 11,
      "codename": "change_status"
   }
},
{
   "model": "auth.permission",
   "pk": 43,
   "fields": {
      "name": "Can delete \u0421\u0442\u0430\u0442\u0443\u0441 \u0437\u0430\u043a\u0430\u0437\u0430",
      "content_type": 11,
      "codename": "delete_status"
   }
},
{
   "model": "auth.permission",
   "pk": 44,
   "fields": {
      "name": "Can view \u0421\u0442\u0430\u0442\u0443\u0441 \u0437\u0430\u043a\u0430\u0437\u0430",
      "content_type": 11,
      "codename": "view_status"
   }
},
{
   "model": "auth.permission",
   "pk": 45,
   "fields": {
      "name": "Can add \u0417\u0430\u043a\u0430\u0437",
      "content_type": 12,
      "codename": "add_order"
   }
},
{
   "model": "auth.permission",
   "pk": 46,
   "fields": {
      "name": "Can change \u0417\u0430\u043a\u0430\u0437",
      "content_type": 12,
      "codename": "change_order"
   }
},
{
   "model": "auth.permission",
   "pk": 47,
   "fields": {
      "name": "Can delete \u0417\u0430\u043a\u0430\u0437",
      "content_type": 12,
      "codename": "delete_order"
   }
},
{
   "model": "auth.permission",
   "pk": 48,
   "fields": {
      "name": "Can view \u0417\u0430\u043a\u0430\u0437",
      "content_type": 12,
      "codename": "view_order"
   }
},
{
   "model": "auth.permission",
   "pk": 49,
   "fields": {
      "name": "Can add \u041a\u0430\u0442\u0435\u0433\u043e\u0440\u0438\u044f \u0442\u043e\u0432\u0430\u0440\u0430",
      "content_type": 13,
      "codename": "add_productcategory"
   }
},
{
   "model": "auth.permission",
   "pk": 50,
   "fields": {
      "name": "Can change \u041a\u0430\u0442\u0435\u0433\u043e\u0440\u0438\u044f \u0442\u043e\u0432\u0430\u0440\u0430",
      "content_type": 13,
      "codename": "change_productcategory"
   }
},
{
   "model": "auth.permission",
   "pk": 51,
   "fields": {
      "name": "Can delete \u041a\u0430\u0442\u0435\u0433\u043e\u0440\u0438\u044f \u0442\u043e\u0432\u0430\u0440\u0430",
      "content_type": 13,
      "codename": "delete_productcategory"
   }
},
{
   "model": "auth.permission",
   "pk": 52,
   "fields": {
      "name": "Can view \u041a\u0430\u0442\u0435\u0433\u043e\u0440\u0438\u044f \u0442\u043e\u0432\u0430\u0440\u0430",
      "content_type": 13,
      "codename": "view_productcategory"
   }
},
{
   "model": "auth.permission",
   "pk": 53,
   "fields": {
      "name": "Can add \u0422\u043e\u0432\u0430\u0440 \u0432 \u043a\u043e\u0440\u0437\u0438\u043d\u0435",
      "content_type": 14,
      "codename": "add_productbasket"
   }
},
{
   "model": "auth.permission",
   "pk": 54,
   "fields": {
      "name": "Can change \u0422\u043e\u0432\u0430\u0440 \u0432 \u043a\u043e\u0440\u0437\u0438\u043d\u0435",
      "content_type": 14,
      "codename": "change_productbasket"
   }
},
{
   "model": "auth.permission",
   "pk": 55,
   "fields": {
      "name": "Can delete \u0422\u043e\u0432\u0430\u0440 \u0432 \u043a\u043e\u0440\u0437\u0438\u043d\u0435",
      "content_type": 14,
      "codename": "delete_productbasket"
   }
},
{
   "model": "auth.permission",
   "pk": 56,
   "fields": {
      "name": "Can view \u0422\u043e\u0432\u0430\u0440 \u0432 \u043a\u043e\u0440\u0437\u0438\u043d\u0435",
      "content_type": 14,
      "codename": "view_productbasket"
   }
},
{
   "model": "auth.user",
   "pk": 1,
   "fields": {
      "password": "pbkdf2_sha256$120000$oytd9asYkAps$ph7e4kaRiEsROMDi1IVNpuG4TGWE/Tlyn5FHcmeiQfw=",
      "last_login": "2018-09-21T20:17:51.611Z",
      "is_superuser": true,
      "username": "ivan",
      "first_name": "",
      "last_name": "",
      "email": "vanyarzepetskiy@gmail.com",
      "is_staff": true,
      "is_active": true,
      "date_joined": "2018-09-06T15:44:39.004Z",
      "groups": [],
      "user_permissions": []
   }
},
{
   "model": "auth.user",
   "pk": 2,
   "fields": {
      "password": "",
      "last_login": null,
      "is_superuser": false,
      "username": "34223432133",
      "first_name": "sd",
      "last_name": "",
      "email": "",
      "is_staff": false,
      "is_active": true,
      "date_joined": "2018-09-22T19:08:26.918Z",
      "groups": [],
      "user_permissions": []
   }
},
{
   "model": "auth.user",
   "pk": 3,
   "fields": {
      "password": "",
      "last_login": null,
      "is_superuser": false,
      "username": "380974507557",
      "first_name": "Test",
      "last_name": "",
      "email": "",
      "is_staff": false,
      "is_active": true,
      "date_joined": "2018-09-22T19:22:42.623Z",
      "groups": [],
      "user_permissions": []
   }
},
{
   "model": "orders.order",
   "pk": 8,
   "fields": {
      "user": null,
      "total_price": "0.00",
      "customer_name": "",
      "customer_email": "",
      "customer_phone": "",
      "customer_address": null,
      "comments": "",
      "status": 1,
      "created": "2018-09-08T17:14:48.270Z",
      "updated": "2018-09-08T17:20:01.667Z"
   }
},
{
   "model": "orders.order",
   "pk": 9,
   "fields": {
      "user": null,
      "total_price": "0.00",
      "customer_name": "",
      "customer_email": "",
      "customer_phone": "",
      "customer_address": null,
      "comments": "",
      "status": 1,
      "created": "2018-09-08T17:22:48.159Z",
      "updated": "2018-09-08T17:22:48.161Z"
   }
},
{
   "model": "orders.order",
   "pk": 10,
   "fields": {
      "user": null,
      "total_price": "0.00",
      "customer_name": "Ivan",
      "customer_email": "ivan@gmail.com",
      "customer_phone": "3809754637",
      "customer_address": null,
      "comments": "Quick",
      "status": 1,
      "created": "2018-09-08T17:24:05.770Z",
      "updated": "2018-09-08T17:25:58.319Z"
   }
},
{
   "model": "orders.order",
   "pk": 11,
   "fields": {
      "user": null,
      "total_price": "300.00",
      "customer_name": "",
      "customer_email": "",
      "customer_phone": "",
      "customer_address": null,
      "comments": "",
      "status": 1,
      "created": "2018-09-08T17:28:17.680Z",
      "updated": "2018-09-08T17:28:29.066Z"
   }
},
{
   "model": "orders.order",
   "pk": 12,
   "fields": {
      "user": null,
      "total_price": "2300.00",
      "customer_name": "",
      "customer_email": "",
      "customer_phone": "",
      "customer_address": null,
      "comments": "",
      "status": 1,
      "created": "2018-09-08T17:28:39.659Z",
      "updated": "2018-09-08T17:28:39.662Z"
   }
},
{
   "model": "orders.order",
   "pk": 13,
   "fields": {
      "user": 3,
      "total_price": "523.50",
      "customer_name": "\u0418\u0432\u0430\u043d",
      "customer_email": null,
      "customer_phone": "380974507557",
      "customer_address": null,
      "comments": null,
      "status": 1,
      "created": "2018-09-22T19:34:02.385Z",
      "updated": "2018-09-22T19:34:02.431Z"
   }
},
{
   "model": "admin.logentry",
   "pk": 1,
   "fields": {
      "action_time": "2018-09-06T15:52:40.011Z",
      "user": 1,
      "content_type": 7,
      "object_id": "1",
      "object_repr": "Subscriber object (1)",
      "action_flag": 1,
      "change_message": "[{\"added\": {}}]"
   }
},
{
   "model": "admin.logentry",
   "pk": 2,
   "fields": {
      "action_time": "2018-09-06T15:52:47.829Z",
      "user": 1,
      "content_type": 7,
      "object_id": "1",
      "object_repr": "Subscriber object (1)",
      "action_flag": 3,
      "change_message": ""
   }
},
{
   "model": "admin.logentry",
   "pk": 3,
   "fields": {
      "action_time": "2018-09-06T16:21:24.336Z",
      "user": 1,
      "content_type": 7,
      "object_id": "1",
      "object_repr": "Subscriber object (1)",
      "action_flag": 1,
      "change_message": "[{\"added\": {}}]"
   }
},
{
   "model": "admin.logentry",
   "pk": 4,
   "fields": {
      "action_time": "2018-09-08T14:14:36.571Z",
      "user": 1,
      "content_type": 9,
      "object_id": "1",
      "object_repr": "1",
      "action_flag": 1,
      "change_message": "[{\"added\": {}}]"
   }
},
{
   "model": "admin.logentry",
   "pk": 5,
   "fields": {
      "action_time": "2018-09-08T14:17:21.517Z",
      "user": 1,
      "content_type": 8,
      "object_id": "1",
      "object_repr": "1",
      "action_flag": 1,
      "change_message": "[{\"added\": {}}]"
   }
},
{
   "model": "admin.logentry",
   "pk": 6,
   "fields": {
      "action_time": "2018-09-08T14:19:05.801Z",
      "user": 1,
      "content_type": 8,
      "object_id": "2",
      "object_repr": "2",
      "action_flag": 1,
      "change_message": "[{\"added\": {}}]"
   }
},
{
   "model": "admin.logentry",
   "pk": 7,
   "fields": {
      "action_time": "2018-09-08T14:23:52.881Z",
      "user": 1,
      "content_type": 9,
      "object_id": "1",
      "object_repr": "1 Iphone 6 256GB",
      "action_flag": 2,
      "change_message": "[{\"deleted\": {\"name\": \"\\u0424\\u043e\\u0442\\u043e\\u0433\\u0440\\u0430\\u0444\\u0438\\u044f\", \"object\": \"None\"}}]"
   }
},
{
   "model": "admin.logentry",
   "pk": 8,
   "fields": {
      "action_time": "2018-09-08T14:24:10.164Z",
      "user": 1,
      "content_type": 9,
      "object_id": "1",
      "object_repr": "1 Iphone 6 256GB",
      "action_flag": 2,
      "change_message": "[{\"added\": {\"name\": \"\\u0424\\u043e\\u0442\\u043e\\u0433\\u0440\\u0430\\u0444\\u0438\\u044f\", \"object\": \"3\"}}]"
   }
},
{
   "model": "admin.logentry",
   "pk": 9,
   "fields": {
      "action_time": "2018-09-08T14:30:09.998Z",
      "user": 1,
      "content_type": 8,
      "object_id": "3",
      "object_repr": "3",
      "action_flag": 3,
      "change_message": ""
   }
},
{
   "model": "admin.logentry",
   "pk": 10,
   "fields": {
      "action_time": "2018-09-08T14:30:20.728Z",
      "user": 1,
      "content_type": 8,
      "object_id": "4",
      "object_repr": "4",
      "action_flag": 1,
      "change_message": "[{\"added\": {}}]"
   }
},
{
   "model": "admin.logentry",
   "pk": 11,
   "fields": {
      "action_time": "2018-09-08T14:32:04.818Z",
      "user": 1,
      "content_type": 9,
      "object_id": "2",
      "object_repr": "2 tovar 2",
      "action_flag": 1,
      "change_message": "[{\"added\": {}}, {\"added\": {\"name\": \"\\u0424\\u043e\\u0442\\u043e\\u0433\\u0440\\u0430\\u0444\\u0438\\u044f\", \"object\": \"5\"}}]"
   }
},
{
   "model": "admin.logentry",
   "pk": 12,
   "fields": {
      "action_time": "2018-09-08T14:36:42.776Z",
      "user": 1,
      "content_type": 11,
      "object_id": "1",
      "object_repr": "\u0421\u0442\u0430\u0442\u0443\u0441 \u041e\u0436\u0438\u0434\u0430\u043d\u0438\u0435",
      "action_flag": 1,
      "change_message": "[{\"added\": {}}]"
   }
},
{
   "model": "admin.logentry",
   "pk": 13,
   "fields": {
      "action_time": "2018-09-08T14:36:45.038Z",
      "user": 1,
      "content_type": 12,
      "object_id": "1",
      "object_repr": "\u0417\u0430\u043a\u0430\u043a 1 \u041e\u0436\u0438\u0434\u0430\u043d\u0438\u0435",
      "action_flag": 1,
      "change_message": "[{\"added\": {}}]"
   }
},
{
   "model": "admin.logentry",
   "pk": 14,
   "fields": {
      "action_time": "2018-09-08T16:39:08.039Z",
      "user": 1,
      "content_type": 9,
      "object_id": "2",
      "object_repr": "2 tovar 2",
      "action_flag": 2,
      "change_message": "[{\"changed\": {\"fields\": [\"price\"]}}]"
   }
},
{
   "model": "admin.logentry",
   "pk": 15,
   "fields": {
      "action_time": "2018-09-08T16:41:26.649Z",
      "user": 1,
      "content_type": 12,
      "object_id": "1",
      "object_repr": "\u0417\u0430\u043a\u0430\u043a 1 \u041e\u0436\u0438\u0434\u0430\u043d\u0438\u0435",
      "action_flag": 2,
      "change_message": "[{\"added\": {\"name\": \"\\u0422\\u043e\\u0432\\u0430\\u0440 \\u0432 \\u0437\\u0430\\u043a\\u0430\\u0437\\u0435\", \"object\": \" tovar 2\"}}]"
   }
},
{
   "model": "admin.logentry",
   "pk": 16,
   "fields": {
      "action_time": "2018-09-08T16:41:55.168Z",
      "user": 1,
      "content_type": 12,
      "object_id": "1",
      "object_repr": "\u0417\u0430\u043a\u0430\u043a 1 \u041e\u0436\u0438\u0434\u0430\u043d\u0438\u0435",
      "action_flag": 2,
      "change_message": "[{\"changed\": {\"name\": \"\\u0422\\u043e\\u0432\\u0430\\u0440 \\u0432 \\u0437\\u0430\\u043a\\u0430\\u0437\\u0435\", \"object\": \" tovar 2\", \"fields\": [\"nmb\"]}}]"
   }
},
{
   "model": "admin.logentry",
   "pk": 17,
   "fields": {
      "action_time": "2018-09-08T16:52:26.422Z",
      "user": 1,
      "content_type": 12,
      "object_id": "2",
      "object_repr": "\u0417\u0430\u043a\u0430\u043a 2 \u041e\u0436\u0438\u0434\u0430\u043d\u0438\u0435",
      "action_flag": 1,
      "change_message": "[{\"added\": {}}, {\"added\": {\"name\": \"\\u0422\\u043e\\u0432\\u0430\\u0440 \\u0432 \\u0437\\u0430\\u043a\\u0430\\u0437\\u0435\", \"object\": \" Iphone 6 256GB\"}}]"
   }
},
{
   "model": "admin.logentry",
   "pk": 18,
   "fields": {
      "action_time": "2018-09-08T16:53:47.335Z",
      "user": 1,
      "content_type": 12,
      "object_id": "2",
      "object_repr": "\u0417\u0430\u043a\u0430\u043a 2 \u041e\u0436\u0438\u0434\u0430\u043d\u0438\u0435",
      "action_flag": 2,
      "change_message": "[{\"changed\": {\"name\": \"\\u0422\\u043e\\u0432\\u0430\\u0440 \\u0432 \\u0437\\u0430\\u043a\\u0430\\u0437\\u0435\", \"object\": \" tovar 2\", \"fields\": [\"product\"]}}]"
   }
},
{
   "model": "admin.logentry",
   "pk": 19,
   "fields": {
      "action_time": "2018-09-08T16:57:24.273Z",
      "user": 1,
      "content_type": 12,
      "object_id": "3",
      "object_repr": "\u0417\u0430\u043a\u0430\u043a 3 \u041e\u0436\u0438\u0434\u0430\u043d\u0438\u0435",
      "action_flag": 1,
      "change_message": "[{\"added\": {}}, {\"added\": {\"name\": \"\\u0422\\u043e\\u0432\\u0430\\u0440 \\u0432 \\u0437\\u0430\\u043a\\u0430\\u0437\\u0435\", \"object\": \" tovar 2\"}}]"
   }
},
{
   "model": "admin.logentry",
   "pk": 20,
   "fields": {
      "action_time": "2018-09-08T16:58:53.990Z",
      "user": 1,
      "content_type": 12,
      "object_id": "4",
      "object_repr": "\u0417\u0430\u043a\u0430\u043a 4 \u041e\u0436\u0438\u0434\u0430\u043d\u0438\u0435",
      "action_flag": 1,
      "change_message": "[{\"added\": {}}, {\"added\": {\"name\": \"\\u0422\\u043e\\u0432\\u0430\\u0440 \\u0432 \\u0437\\u0430\\u043a\\u0430\\u0437\\u0435\", \"object\": \" tovar 2\"}}]"
   }
},
{
   "model": "admin.logentry",
   "pk": 21,
   "fields": {
      "action_time": "2018-09-08T17:01:24.826Z",
      "user": 1,
      "content_type": 12,
      "object_id": "5",
      "object_repr": "\u0417\u0430\u043a\u0430\u043a 5 \u041e\u0436\u0438\u0434\u0430\u043d\u0438\u0435",
      "action_flag": 1,
      "change_message": "[{\"added\": {}}, {\"added\": {\"name\": \"\\u0422\\u043e\\u0432\\u0430\\u0440 \\u0432 \\u0437\\u0430\\u043a\\u0430\\u0437\\u0435\", \"object\": \" tovar 2\"}}]"
   }
},
{
   "model": "admin.logentry",
   "pk": 22,
   "fields": {
      "action_time": "2018-09-08T17:09:51.357Z",
      "user": 1,
      "content_type": 12,
      "object_id": "5",
      "object_repr": "\u0417\u0430\u043a\u0430\u043a 5 \u041e\u0436\u0438\u0434\u0430\u043d\u0438\u0435",
      "action_flag": 2,
      "change_message": "[]"
   }
},
{
   "model": "admin.logentry",
   "pk": 23,
   "fields": {
      "action_time": "2018-09-08T17:10:35.312Z",
      "user": 1,
      "content_type": 12,
      "object_id": "6",
      "object_repr": "\u0417\u0430\u043a\u0430\u043a 6 \u041e\u0436\u0438\u0434\u0430\u043d\u0438\u0435",
      "action_flag": 1,
      "change_message": "[{\"added\": {}}, {\"added\": {\"name\": \"\\u0422\\u043e\\u0432\\u0430\\u0440 \\u0432 \\u0437\\u0430\\u043a\\u0430\\u0437\\u0435\", \"object\": \" tovar 2\"}}]"
   }
},
{
   "model": "admin.logentry",
   "pk": 24,
   "fields": {
      "action_time": "2018-09-08T17:11:55.238Z",
      "user": 1,
      "content_type": 12,
      "object_id": "7",
      "object_repr": "\u0417\u0430\u043a\u0430\u043a 7 \u041e\u0436\u0438\u0434\u0430\u043d\u0438\u0435",
      "action_flag": 1,
      "change_message": "[{\"added\": {}}, {\"added\": {\"name\": \"\\u0422\\u043e\\u0432\\u0430\\u0440 \\u0432 \\u0437\\u0430\\u043a\\u0430\\u0437\\u0435\", \"object\": \" tovar 2\"}}]"
   }
},
{
   "model": "admin.logentry",
   "pk": 25,
   "fields": {
      "action_time": "2018-09-08T17:12:08.107Z",
      "user": 1,
      "content_type": 12,
      "object_id": "7",
      "object_repr": "\u0417\u0430\u043a\u0430\u043a 7 \u041e\u0436\u0438\u0434\u0430\u043d\u0438\u0435",
      "action_flag": 3,
      "change_message": ""
   }
},
{
   "model": "admin.logentry",
   "pk": 26,
   "fields": {
      "action_time": "2018-09-08T17:12:08.149Z",
      "user": 1,
      "content_type": 12,
      "object_id": "6",
      "object_repr": "\u0417\u0430\u043a\u0430\u043a 6 \u041e\u0436\u0438\u0434\u0430\u043d\u0438\u0435",
      "action_flag": 3,
      "change_message": ""
   }
},
{
   "model": "admin.logentry",
   "pk": 27,
   "fields": {
      "action_time": "2018-09-08T17:12:08.179Z",
      "user": 1,
      "content_type": 12,
      "object_id": "5",
      "object_repr": "\u0417\u0430\u043a\u0430\u043a 5 \u041e\u0436\u0438\u0434\u0430\u043d\u0438\u0435",
      "action_flag": 3,
      "change_message": ""
   }
},
{
   "model": "admin.logentry",
   "pk": 28,
   "fields": {
      "action_time": "2018-09-08T17:12:08.198Z",
      "user": 1,
      "content_type": 12,
      "object_id": "4",
      "object_repr": "\u0417\u0430\u043a\u0430\u043a 4 \u041e\u0436\u0438\u0434\u0430\u043d\u0438\u0435",
      "action_flag": 3,
      "change_message": ""
   }
},
{
   "model": "admin.logentry",
   "pk": 29,
   "fields": {
      "action_time": "2018-09-08T17:12:08.205Z",
      "user": 1,
      "content_type": 12,
      "object_id": "3",
      "object_repr": "\u0417\u0430\u043a\u0430\u043a 3 \u041e\u0436\u0438\u0434\u0430\u043d\u0438\u0435",
      "action_flag": 3,
      "change_message": ""
   }
},
{
   "model": "admin.logentry",
   "pk": 30,
   "fields": {
      "action_time": "2018-09-08T17:12:08.217Z",
      "user": 1,
      "content_type": 12,
      "object_id": "2",
      "object_repr": "\u0417\u0430\u043a\u0430\u043a 2 \u041e\u0436\u0438\u0434\u0430\u043d\u0438\u0435",
      "action_flag": 3,
      "change_message": ""
   }
},
{
   "model": "admin.logentry",
   "pk": 31,
   "fields": {
      "action_time": "2018-09-08T17:12:08.234Z",
      "user": 1,
      "content_type": 12,
      "object_id": "1",
      "object_repr": "\u0417\u0430\u043a\u0430\u043a 1 \u041e\u0436\u0438\u0434\u0430\u043d\u0438\u0435",
      "action_flag": 3,
      "change_message": ""
   }
},
{
   "model": "admin.logentry",
   "pk": 32,
   "fields": {
      "action_time": "2018-09-08T17:14:48.274Z",
      "user": 1,
      "content_type": 12,
      "object_id": "8",
      "object_repr": "\u0417\u0430\u043a\u0430\u043a 8 \u041e\u0436\u0438\u0434\u0430\u043d\u0438\u0435",
      "action_flag": 1,
      "change_message": "[{\"added\": {}}, {\"added\": {\"name\": \"\\u0422\\u043e\\u0432\\u0430\\u0440 \\u0432 \\u0437\\u0430\\u043a\\u0430\\u0437\\u0435\", \"object\": \" tovar 2\"}}]"
   }
},
{
   "model": "admin.logentry",
   "pk": 33,
   "fields": {
      "action_time": "2018-09-08T17:20:01.668Z",
      "user": 1,
      "content_type": 12,
      "object_id": "8",
      "object_repr": "\u0417\u0430\u043a\u0430\u043a 8 \u041e\u0436\u0438\u0434\u0430\u043d\u0438\u0435",
      "action_flag": 2,
      "change_message": "[]"
   }
},
{
   "model": "admin.logentry",
   "pk": 34,
   "fields": {
      "action_time": "2018-09-08T17:22:48.162Z",
      "user": 1,
      "content_type": 12,
      "object_id": "9",
      "object_repr": "\u0417\u0430\u043a\u0430\u043a 9 \u041e\u0436\u0438\u0434\u0430\u043d\u0438\u0435",
      "action_flag": 1,
      "change_message": "[{\"added\": {}}, {\"added\": {\"name\": \"\\u0422\\u043e\\u0432\\u0430\\u0440 \\u0432 \\u0437\\u0430\\u043a\\u0430\\u0437\\u0435\", \"object\": \" tovar 2\"}}]"
   }
},
{
   "model": "admin.logentry",
   "pk": 35,
   "fields": {
      "action_time": "2018-09-08T17:24:05.774Z",
      "user": 1,
      "content_type": 12,
      "object_id": "10",
      "object_repr": "\u0417\u0430\u043a\u0430\u043a 10 \u041e\u0436\u0438\u0434\u0430\u043d\u0438\u0435",
      "action_flag": 1,
      "change_message": "[{\"added\": {}}, {\"added\": {\"name\": \"\\u0422\\u043e\\u0432\\u0430\\u0440 \\u0432 \\u0437\\u0430\\u043a\\u0430\\u0437\\u0435\", \"object\": \" tovar 2\"}}]"
   }
},
{
   "model": "admin.logentry",
   "pk": 36,
   "fields": {
      "action_time": "2018-09-08T17:25:58.320Z",
      "user": 1,
      "content_type": 12,
      "object_id": "10",
      "object_repr": "\u0417\u0430\u043a\u0430\u043a 10 \u041e\u0436\u0438\u0434\u0430\u043d\u0438\u0435",
      "action_flag": 2,
      "change_message": "[{\"added\": {\"name\": \"\\u0422\\u043e\\u0432\\u0430\\u0440 \\u0432 \\u0437\\u0430\\u043a\\u0430\\u0437\\u0435\", \"object\": \" tovar 2\"}}]"
   }
},
{
   "model": "admin.logentry",
   "pk": 37,
   "fields": {
      "action_time": "2018-09-08T17:28:17.685Z",
      "user": 1,
      "content_type": 12,
      "object_id": "11",
      "object_repr": "\u0417\u0430\u043a\u0430\u043a 11 \u041e\u0436\u0438\u0434\u0430\u043d\u0438\u0435",
      "action_flag": 1,
      "change_message": "[{\"added\": {}}, {\"added\": {\"name\": \"\\u0422\\u043e\\u0432\\u0430\\u0440 \\u0432 \\u0437\\u0430\\u043a\\u0430\\u0437\\u0435\", \"object\": \" tovar 2\"}}]"
   }
},
{
   "model": "admin.logentry",
   "pk": 38,
   "fields": {
      "action_time": "2018-09-08T17:28:29.066Z",
      "user": 1,
      "content_type": 12,
      "object_id": "11",
      "object_repr": "\u0417\u0430\u043a\u0430\u043a 11 \u041e\u0436\u0438\u0434\u0430\u043d\u0438\u0435",
      "action_flag": 2,
      "change_message": "[{\"changed\": {\"name\": \"\\u0422\\u043e\\u0432\\u0430\\u0440 \\u0432 \\u0437\\u0430\\u043a\\u0430\\u0437\\u0435\", \"object\": \" tovar 2\", \"fields\": [\"nmb\"]}}]"
   }
},
{
   "model": "admin.logentry",
   "pk": 39,
   "fields": {
      "action_time": "2018-09-08T17:28:39.663Z",
      "user": 1,
      "content_type": 12,
      "object_id": "12",
      "object_repr": "\u0417\u0430\u043a\u0430\u043a 12 \u041e\u0436\u0438\u0434\u0430\u043d\u0438\u0435",
      "action_flag": 1,
      "change_message": "[{\"added\": {}}, {\"added\": {\"name\": \"\\u0422\\u043e\\u0432\\u0430\\u0440 \\u0432 \\u0437\\u0430\\u043a\\u0430\\u0437\\u0435\", \"object\": \" tovar 2\"}}]"
   }
},
{
   "model": "admin.logentry",
   "pk": 40,
   "fields": {
      "action_time": "2018-09-09T10:20:53.687Z",
      "user": 1,
      "content_type": 9,
      "object_id": "3",
      "object_repr": "34.90 Schl\u00fcsselanh\u00e4nger Typo S-Klasse",
      "action_flag": 1,
      "change_message": "[{\"added\": {}}, {\"added\": {\"name\": \"\\u0424\\u043e\\u0442\\u043e\\u0433\\u0440\\u0430\\u0444\\u0438\\u044f\", \"object\": \"6\"}}, {\"added\": {\"name\": \"\\u0424\\u043e\\u0442\\u043e\\u0433\\u0440\\u0430\\u0444\\u0438\\u044f\", \"object\": \"7\"}}]"
   }
},
{
   "model": "admin.logentry",
   "pk": 41,
   "fields": {
      "action_time": "2018-09-09T10:22:16.689Z",
      "user": 1,
      "content_type": 9,
      "object_id": "4",
      "object_repr": "12.90 Kugelschreiber Sound",
      "action_flag": 1,
      "change_message": "[{\"added\": {}}, {\"added\": {\"name\": \"\\u0424\\u043e\\u0442\\u043e\\u0433\\u0440\\u0430\\u0444\\u0438\\u044f\", \"object\": \"8\"}}, {\"added\": {\"name\": \"\\u0424\\u043e\\u0442\\u043e\\u0433\\u0440\\u0430\\u0444\\u0438\\u044f\", \"object\": \"9\"}}]"
   }
},
{
   "model": "admin.logentry",
   "pk": 42,
   "fields": {
      "action_time": "2018-09-10T05:20:50.828Z",
      "user": 1,
      "content_type": 8,
      "object_id": "8",
      "object_repr": "8",
      "action_flag": 2,
      "change_message": "[{\"changed\": {\"fields\": [\"is_main\"]}}]"
   }
},
{
   "model": "admin.logentry",
   "pk": 43,
   "fields": {
      "action_time": "2018-09-10T05:20:59.635Z",
      "user": 1,
      "content_type": 8,
      "object_id": "7",
      "object_repr": "7",
      "action_flag": 2,
      "change_message": "[{\"changed\": {\"fields\": [\"is_main\"]}}]"
   }
},
{
   "model": "admin.logentry",
   "pk": 44,
   "fields": {
      "action_time": "2018-09-10T05:21:10.465Z",
      "user": 1,
      "content_type": 8,
      "object_id": "4",
      "object_repr": "4",
      "action_flag": 2,
      "change_message": "[{\"changed\": {\"fields\": [\"is_main\"]}}]"
   }
},
{
   "model": "admin.logentry",
   "pk": 45,
   "fields": {
      "action_time": "2018-09-10T07:53:05.663Z",
      "user": 1,
      "content_type": 8,
      "object_id": "9",
      "object_repr": "9",
      "action_flag": 3,
      "change_message": ""
   }
},
{
   "model": "admin.logentry",
   "pk": 46,
   "fields": {
      "action_time": "2018-09-10T07:53:05.693Z",
      "user": 1,
      "content_type": 8,
      "object_id": "8",
      "object_repr": "8",
      "action_flag": 3,
      "change_message": ""
   }
},
{
   "model": "admin.logentry",
   "pk": 47,
   "fields": {
      "action_time": "2018-09-10T07:53:05.719Z",
      "user": 1,
      "content_type": 8,
      "object_id": "7",
      "object_repr": "7",
      "action_flag": 3,
      "change_message": ""
   }
},
{
   "model": "admin.logentry",
   "pk": 48,
   "fields": {
      "action_time": "2018-09-10T07:53:05.729Z",
      "user": 1,
      "content_type": 8,
      "object_id": "6",
      "object_repr": "6",
      "action_flag": 3,
      "change_message": ""
   }
},
{
   "model": "admin.logentry",
   "pk": 49,
   "fields": {
      "action_time": "2018-09-10T07:53:05.758Z",
      "user": 1,
      "content_type": 8,
      "object_id": "5",
      "object_repr": "5",
      "action_flag": 3,
      "change_message": ""
   }
},
{
   "model": "admin.logentry",
   "pk": 50,
   "fields": {
      "action_time": "2018-09-10T07:53:05.766Z",
      "user": 1,
      "content_type": 8,
      "object_id": "4",
      "object_repr": "4",
      "action_flag": 3,
      "change_message": ""
   }
},
{
   "model": "admin.logentry",
   "pk": 51,
   "fields": {
      "action_time": "2018-09-10T07:53:05.781Z",
      "user": 1,
      "content_type": 8,
      "object_id": "1",
      "object_repr": "1",
      "action_flag": 3,
      "change_message": ""
   }
},
{
   "model": "admin.logentry",
   "pk": 52,
   "fields": {
      "action_time": "2018-09-10T07:53:27.955Z",
      "user": 1,
      "content_type": 8,
      "object_id": "10",
      "object_repr": "10",
      "action_flag": 1,
      "change_message": "[{\"added\": {}}]"
   }
},
{
   "model": "admin.logentry",
   "pk": 53,
   "fields": {
      "action_time": "2018-09-10T07:53:46.650Z",
      "user": 1,
      "content_type": 8,
      "object_id": "11",
      "object_repr": "11",
      "action_flag": 1,
      "change_message": "[{\"added\": {}}]"
   }
},
{
   "model": "admin.logentry",
   "pk": 54,
   "fields": {
      "action_time": "2018-09-10T07:54:01.165Z",
      "user": 1,
      "content_type": 8,
      "object_id": "12",
      "object_repr": "12",
      "action_flag": 1,
      "change_message": "[{\"added\": {}}]"
   }
},
{
   "model": "admin.logentry",
   "pk": 55,
   "fields": {
      "action_time": "2018-09-10T07:54:17.757Z",
      "user": 1,
      "content_type": 8,
      "object_id": "13",
      "object_repr": "13",
      "action_flag": 1,
      "change_message": "[{\"added\": {}}]"
   }
},
{
   "model": "admin.logentry",
   "pk": 56,
   "fields": {
      "action_time": "2018-09-10T16:44:59.441Z",
      "user": 1,
      "content_type": 8,
      "object_id": "13",
      "object_repr": "13",
      "action_flag": 3,
      "change_message": ""
   }
},
{
   "model": "admin.logentry",
   "pk": 57,
   "fields": {
      "action_time": "2018-09-10T16:44:59.452Z",
      "user": 1,
      "content_type": 8,
      "object_id": "12",
      "object_repr": "12",
      "action_flag": 3,
      "change_message": ""
   }
},
{
   "model": "admin.logentry",
   "pk": 58,
   "fields": {
      "action_time": "2018-09-10T16:44:59.472Z",
      "user": 1,
      "content_type": 8,
      "object_id": "11",
      "object_repr": "11",
      "action_flag": 3,
      "change_message": ""
   }
},
{
   "model": "admin.logentry",
   "pk": 59,
   "fields": {
      "action_time": "2018-09-10T16:44:59.507Z",
      "user": 1,
      "content_type": 8,
      "object_id": "10",
      "object_repr": "10",
      "action_flag": 3,
      "change_message": ""
   }
},
{
   "model": "admin.logentry",
   "pk": 60,
   "fields": {
      "action_time": "2018-09-10T16:45:38.639Z",
      "user": 1,
      "content_type": 8,
      "object_id": "14",
      "object_repr": "14",
      "action_flag": 1,
      "change_message": "[{\"added\": {}}]"
   }
},
{
   "model": "admin.logentry",
   "pk": 61,
   "fields": {
      "action_time": "2018-09-10T16:46:24.703Z",
      "user": 1,
      "content_type": 8,
      "object_id": "15",
      "object_repr": "15",
      "action_flag": 1,
      "change_message": "[{\"added\": {}}]"
   }
},
{
   "model": "admin.logentry",
   "pk": 62,
   "fields": {
      "action_time": "2018-09-10T16:51:11.308Z",
      "user": 1,
      "content_type": 9,
      "object_id": "4",
      "object_repr": "12.90 Kugelschreiber Sound",
      "action_flag": 2,
      "change_message": "[{\"added\": {\"name\": \"\\u0424\\u043e\\u0442\\u043e\\u0433\\u0440\\u0430\\u0444\\u0438\\u044f\", \"object\": \"16\"}}]"
   }
},
{
   "model": "admin.logentry",
   "pk": 63,
   "fields": {
      "action_time": "2018-09-10T16:51:24.890Z",
      "user": 1,
      "content_type": 9,
      "object_id": "3",
      "object_repr": "34.90 Schl\u00fcsselanh\u00e4nger Typo S-Klasse",
      "action_flag": 2,
      "change_message": "[{\"changed\": {\"name\": \"\\u0424\\u043e\\u0442\\u043e\\u0433\\u0440\\u0430\\u0444\\u0438\\u044f\", \"object\": \"15\", \"fields\": [\"image\"]}}]"
   }
},
{
   "model": "admin.logentry",
   "pk": 64,
   "fields": {
      "action_time": "2018-09-10T16:51:34.442Z",
      "user": 1,
      "content_type": 9,
      "object_id": "1",
      "object_repr": "0.00 Iphone 6 256GB",
      "action_flag": 2,
      "change_message": "[{\"changed\": {\"name\": \"\\u0424\\u043e\\u0442\\u043e\\u0433\\u0440\\u0430\\u0444\\u0438\\u044f\", \"object\": \"14\", \"fields\": [\"image\"]}}]"
   }
},
{
   "model": "admin.logentry",
   "pk": 65,
   "fields": {
      "action_time": "2018-09-10T16:54:32.106Z",
      "user": 1,
      "content_type": 8,
      "object_id": "17",
      "object_repr": "17",
      "action_flag": 1,
      "change_message": "[{\"added\": {}}]"
   }
},
{
   "model": "admin.logentry",
   "pk": 66,
   "fields": {
      "action_time": "2018-09-12T16:05:20.651Z",
      "user": 1,
      "content_type": 13,
      "object_id": "1",
      "object_repr": "Mercedes ",
      "action_flag": 1,
      "change_message": "[{\"added\": {}}]"
   }
},
{
   "model": "admin.logentry",
   "pk": 67,
   "fields": {
      "action_time": "2018-09-12T16:05:22.629Z",
      "user": 1,
      "content_type": 9,
      "object_id": "3",
      "object_repr": "34.90 Schl\u00fcsselanh\u00e4nger Typo S-Klasse",
      "action_flag": 2,
      "change_message": "[{\"changed\": {\"fields\": [\"category\"]}}]"
   }
},
{
   "model": "admin.logentry",
   "pk": 68,
   "fields": {
      "action_time": "2018-09-12T16:05:34.257Z",
      "user": 1,
      "content_type": 9,
      "object_id": "4",
      "object_repr": "12.90 Kugelschreiber Sound",
      "action_flag": 2,
      "change_message": "[{\"changed\": {\"fields\": [\"category\"]}}]"
   }
},
{
   "model": "admin.logentry",
   "pk": 69,
   "fields": {
      "action_time": "2018-09-12T17:57:57.377Z",
      "user": 1,
      "content_type": 9,
      "object_id": "4",
      "object_repr": "12.90 Kugelschreiber Sound",
      "action_flag": 2,
      "change_message": "[{\"changed\": {\"fields\": [\"dicsount\"]}}]"
   }
},
{
   "model": "admin.logentry",
   "pk": 70,
   "fields": {
      "action_time": "2018-09-12T17:59:39.493Z",
      "user": 1,
      "content_type": 13,
      "object_id": "2",
      "object_repr": "\u0410\u043a\u0441\u0435\u0441\u0441\u0443\u0430\u0440\u044b ",
      "action_flag": 1,
      "change_message": "[{\"added\": {}}]"
   }
},
{
   "model": "admin.logentry",
   "pk": 71,
   "fields": {
      "action_time": "2018-09-12T17:59:42.186Z",
      "user": 1,
      "content_type": 9,
      "object_id": "1",
      "object_repr": "0.00 Iphone 6 256GB",
      "action_flag": 2,
      "change_message": "[{\"changed\": {\"fields\": [\"category\"]}}]"
   }
},
{
   "model": "admin.logentry",
   "pk": 72,
   "fields": {
      "action_time": "2018-09-18T21:19:43.144Z",
      "user": 1,
      "content_type": 9,
      "object_id": "3",
      "object_repr": "34.90 Schl\u00fcsselanh\u00e4nger Typo S-Klasse",
      "action_flag": 2,
      "change_message": "[{\"changed\": {\"fields\": [\"dicsount\"]}}]"
   }
},
{
   "model": "admin.logentry",
   "pk": 73,
   "fields": {
      "action_time": "2018-09-21T14:16:58.299Z",
      "user": 1,
      "content_type": 9,
      "object_id": "1",
      "object_repr": "0.00 Iphone 6 256GB",
      "action_flag": 3,
      "change_message": ""
   }
},
{
   "model": "admin.logentry",
   "pk": 74,
   "fields": {
      "action_time": "2018-09-21T14:17:43.968Z",
      "user": 1,
      "content_type": 9,
      "object_id": "5",
      "object_repr": "0 TEST",
      "action_flag": 1,
      "change_message": "[{\"added\": {}}, {\"added\": {\"name\": \"\\u0424\\u043e\\u0442\\u043e\\u0433\\u0440\\u0430\\u0444\\u0438\\u044f\", \"object\": \"18\"}}]"
   }
},
{
   "model": "admin.logentry",
   "pk": 75,
   "fields": {
      "action_time": "2018-09-21T14:21:39.558Z",
      "user": 1,
      "content_type": 9,
      "object_id": "5",
      "object_repr": "20.20 TEST",
      "action_flag": 2,
      "change_message": "[{\"changed\": {\"fields\": [\"price\"]}}]"
   }
},
{
   "model": "admin.logentry",
   "pk": 76,
   "fields": {
      "action_time": "2018-09-21T16:39:45.223Z",
      "user": 1,
      "content_type": 14,
      "object_id": "1",
      "object_repr": " TEST",
      "action_flag": 1,
      "change_message": "[{\"added\": {}}]"
   }
},
{
   "model": "admin.logentry",
   "pk": 77,
   "fields": {
      "action_time": "2018-09-21T16:40:41.653Z",
      "user": 1,
      "content_type": 14,
      "object_id": "2",
      "object_repr": " Schl\u00fcsselanh\u00e4nger Typo S-Klasse",
      "action_flag": 1,
      "change_message": "[{\"added\": {}}]"
   }
},
{
   "model": "admin.logentry",
   "pk": 78,
   "fields": {
      "action_time": "2018-09-21T20:18:02.638Z",
      "user": 1,
      "content_type": 14,
      "object_id": "2",
      "object_repr": " Schl\u00fcsselanh\u00e4nger Typo S-Klasse",
      "action_flag": 3,
      "change_message": ""
   }
},
{
   "model": "admin.logentry",
   "pk": 79,
   "fields": {
      "action_time": "2018-09-21T20:18:02.648Z",
      "user": 1,
      "content_type": 14,
      "object_id": "1",
      "object_repr": " TEST",
      "action_flag": 3,
      "change_message": ""
   }
},
{
   "model": "admin.logentry",
   "pk": 80,
   "fields": {
      "action_time": "2018-09-21T20:18:24.379Z",
      "user": 1,
      "content_type": 14,
      "object_id": "3",
      "object_repr": " Schl\u00fcsselanh\u00e4nger Typo S-Klasse",
      "action_flag": 1,
      "change_message": "[{\"added\": {}}]"
   }
}
]
